Feed,Protein_intake,Lipid_intake,G,betaV,betaH
D1,0.074907603,0.01152854,0.0102,0.69,0.9685
D2,0.062602062,0.011062472,0.0109,0.69,0.9564
D3,0.059727639,0.01015236,0.011,0.69,0.9522
D4,0.059598078,0.010650436,0.011,0.69,0.94
D5,0.071715187,0.01326738,0.0123,0.69,0.9466
D6,0.064399082,0.012403222,0.0126,0.69,0.9512